{"cameraMode":{"drawMode":0,"name":"Shaded","section":"Shading Mode"},"sceneLighting":true,"audioPlay":false,"sceneViewState":{"showFog":true,"showMaterialUpdate":false,"showSkybox":true,"showFlares":true,"showImageEffects":true,"showParticleSystems":true},"in2DMode":false,"pivot":{"x":-15.912132263183594,"y":211.6741180419922,"z":-15.202801704406739},"rotation":{"x":-0.12623830139636994,"y":0.8297209143638611,"z":-0.20860479772090913,"w":-0.5021067261695862},"size":20.507680892944337,"orthographic":false}