{"cameraMode":{"drawMode":0,"name":"Shaded","section":"Shading Mode"},"sceneLighting":false,"audioPlay":false,"sceneViewState":{"showFog":true,"showMaterialUpdate":false,"showSkybox":true,"showFlares":true,"showImageEffects":true,"showParticleSystems":true},"in2DMode":false,"pivot":{"x":0.7933242321014404,"y":1.0832844972610474,"z":1.451296329498291},"rotation":{"x":-0.05316808074712753,"y":-0.4255671799182892,"z":0.025056881830096246,"w":-0.9030160307884216},"size":5.838284969329834,"orthographic":false}