{"cameraMode":{"drawMode":0,"name":"Shaded","section":"Shading Mode"},"sceneLighting":false,"audioPlay":false,"sceneViewState":{"showFog":true,"showMaterialUpdate":false,"showSkybox":true,"showFlares":true,"showImageEffects":true,"showParticleSystems":true},"in2DMode":false,"pivot":{"x":-0.7052154541015625,"y":1.5070992708206177,"z":0.9534809589385986},"rotation":{"x":-0.05316808074712753,"y":-0.4255671799182892,"z":0.025056881830096246,"w":-0.9030160307884216},"size":4.041658401489258,"orthographic":false}