{"cameraMode":{"drawMode":0,"name":"Shaded","section":"Shading Mode"},"sceneLighting":false,"audioPlay":false,"sceneViewState":{"showFog":true,"showMaterialUpdate":false,"showSkybox":true,"showFlares":true,"showImageEffects":true,"showParticleSystems":true},"in2DMode":false,"pivot":{"x":-0.5289961099624634,"y":-0.1032218337059021,"z":-0.6087465882301331},"rotation":{"x":-0.014691043645143509,"y":0.9853090047836304,"z":-0.12061918526887894,"w":-0.12000593543052674},"size":12.824636459350586,"orthographic":false}